{
  "CLOSE_BUTTON" : "SCHLIESSEN",
  "APIKEY_IS_UNDEFINED_TITLE" : "API Key Fehler",
  "APIKEY_IS_UNDEFINED_MESSAGE" : "Die Variable \"GOOGLE_MAPS_IOS_API_KEY\" ist nicht definiert.",
  "APP_NAME_ERROR_TITLE" : "Du musst die config.xml Datei ändern.",
  "APP_NAME_ERROR_MESSAGE" : "Die Google Maps SDK für iOS stürzt ab, wenn CFBundleExecutable non-Latin Zeichen enthält.\nFür weitere Informationen bitte die CordovaGoogleMaps.m Datei anschauen.",
  "LOCATION_IS_UNAVAILABLE_ERROR_TITLE" : "Lokalisierung ist nicht verfügbar.",
  "LOCATION_IS_UNAVAILABLE_ERROR_MESSAGE" : "Diese App benötigt Zugriff auf deinen Standort. Bitte aktiviere diese unter \"Einstellungen > Datenschutz > Lokalisierung\"",
  "LOCATION_IS_DENIED_MESSAGE" : "Dieser App wurde der Zugriff auf die Lokalisierung verweigert.",
  "CAN_NOT_GET_LOCATION_MESSAGE" : "Standort konnte nicht bestimmt werden.",
  "LOCATION_REJECTED_BY_USER_MESSAGE" : "Standortbestimmung wurde durch den Benutzer verweigert."
}
