{
  "CLOSE_BUTTON" : "إغلاق",
  "APIKEY_IS_UNDEFINED_TITLE" : "خطأ في مفتاح الأ بي إي (API)",
  "APIKEY_IS_UNDEFINED_MESSAGE" : "ليس هنالك أي قيمة للمتغير \"GOOGLE_MAPS_IOS_API_KEY\" ",
  "APP_NAME_ERROR_TITLE" : "يجب عليك تغيير ملف config.xml",
  "APP_NAME_ERROR_MESSAGE" : "CordovaGoogleMaps.m لمزيد من المعلومات ، انظر التعليق في \n. عندما تكون الأحرف غير الإنجليزية قيد الاستخدام Google Maps SDK في CFBundleExecutable  في حالة تعطل",
  "LOCATION_IS_UNAVAILABLE_ERROR_TITLE" : "خدمة تحديد المواقع غير متوفرة",
  "LOCATION_IS_UNAVAILABLE_ERROR_MESSAGE" : "Settings> Privacy> Location Services يحتاج هذا التطبيق إلى تحديد موقعك. يرجى تشغيله من إعدادات الهاتف ",
  "LOCATION_IS_DENIED_MESSAGE" : ". رفض هذا التطبيق إستعمال خدمة تحديد المواقع",
  "CAN_NOT_GET_LOCATION_MESSAGE" : ". موقعك غير متاح",
  "LOCATION_REJECTED_BY_USER_MESSAGE" : ". رفض المستخدم خدمة تحديد المواقع"
}
